agent,track,metric,count,mean,std,median,minimum,maximum,ci_low,ci_high,lower_is_better
dqn,Monaco,total_reward,9,-47.07019223690071,26.831563703518263,-36.53082804291747,-87.03805571268133,2.8498845855567403,-64.60014718986598,-29.540237283935443,False
dqn,Monaco,final_position,9,2.3333333333333335,2.5,1.0,1.0,8.0,0.7000000000000002,3.966666666666667,True
dqn,Monaco,position_gain,9,2.0,5.744562646538029,0.0,-4.0,16.0,-1.7531142624048455,5.7531142624048455,False
dqn,Monaco,total_race_time,9,6273.453534379219,525.4514054424476,6215.713547184161,5828.531646557681,7388.68886290153,5930.158616156819,6616.748452601618,True
dqn,Monaco,mean_lap_time,9,90.94417509530668,5.205341975714643,92.517137834799,84.28772571426529,98.662119796574,87.54335167117311,94.34499851944024,True
dqn,Monaco,mean_lap_delta,9,11.112596828922948,4.111040785936949,9.498019138453188,8.382428857528254,20.436102316536427,8.426716848777474,13.798476809068422,True
dqn,Monaco,pit_count,9,2.111111111111111,0.7817359599705717,2.0,1.0,4.0,1.6003769505970045,2.621845271625218,False
dqn,Monaco,invalid_action_rate,9,0.0,0.0,0.0,0.0,0.0,0.0,0.0,True
dqn,Monaco,mean_inference_ms,9,0.48063812730479394,0.06676417356135862,0.4727883116883116,0.4017444444444443,0.6312896103896104,0.4370188672447063,0.5242573873648816,True
dqn,Monaco,p95_inference_ms,9,0.7340633333333332,0.20492877988462233,0.66484,0.55456,1.2167,0.6001765304753799,0.8679501361912865,True
dqn,Monza,total_reward,5,-28.360336051008023,41.76404811360046,-30.990680940062727,-72.40520305823222,14.213328737960508,-64.96813828526035,8.24746618324431,False
dqn,Monza,final_position,5,6.8,5.310367218940701,10.0,1.0,11.0,2.145257901881137,11.454742098118864,True
dqn,Monza,position_gain,5,2.6,9.864076236526156,3.0,-10.0,16.0,-6.0462440400442095,11.246244040044209,False
dqn,Monza,total_race_time,5,4561.201686433766,245.97950654572998,4387.930801710185,4378.442050982998,4837.13163581359,4345.591142532187,4776.812230335344,True
dqn,Monza,mean_lap_time,5,88.39048332398936,4.362510251115793,87.7586160342037,84.20080867274996,93.02176222718442,84.5665744901678,92.21439215781092,True
dqn,Monza,mean_lap_delta,5,4.556795207174302,3.547280416262835,2.5710869841193067,1.641250014109176,8.575661761724133,1.4474668299354616,7.666123584413143,True
dqn,Monza,pit_count,5,2.2,1.3038404810405297,2.0,1.0,4.0,1.0571334286103213,3.342866571389679,False
dqn,Monza,invalid_action_rate,5,0.0,0.0,0.0,0.0,0.0,0.0,0.0,True
dqn,Monza,mean_inference_ms,5,0.4792102307692307,0.08725992111012343,0.45598,0.4066365384615384,0.6238653846153845,0.4027235375663368,0.5556969239721246,True
dqn,Monza,p95_inference_ms,5,0.6897849999999998,0.13611151425393786,0.6763949999999999,0.5743399999999999,0.9143299999999992,0.570477997430243,0.8090920025697566,True
dqn,Silverstone,total_reward,11,-57.66251218618422,65.79223521927337,-26.707004129222334,-153.62661473529977,-0.4117774283862836,-96.54323858151386,-18.78178579085459,False
dqn,Silverstone,final_position,11,2.8181818181818183,3.970344615223767,1.0,1.0,14.0,0.4718580891703432,5.1645055471932935,True
dqn,Silverstone,position_gain,11,6.2727272727272725,7.170647238442414,6.0,-8.0,19.0,2.035145551630297,10.510308993824248,False
dqn,Silverstone,total_race_time,11,4953.60303832335,70.01873772048717,4965.809112546499,4807.447005616017,5080.916134627401,4912.224608562096,4994.981468084604,True
dqn,Silverstone,mean_lap_time,11,97.12947133967354,1.3729164258919082,97.36880612836272,94.26366677678465,99.6258065613216,96.31812957964895,97.94081309969813,True
dqn,Silverstone,mean_lap_delta,11,5.950084292598686,0.9467042833917548,5.874797700435996,4.634017260601102,8.55724537888415,5.390617813048853,6.509550772148519,True
dqn,Silverstone,pit_count,11,1.0,1.0954451150103321,1.0,0.0,4.0,0.3526333061057,1.6473666938943001,False
dqn,Silverstone,invalid_action_rate,11,0.0,0.0,0.0,0.0,0.0,0.0,0.0,True
dqn,Silverstone,mean_inference_ms,11,0.51184688057041,0.1957960830133716,0.4667901960784313,0.3974352941176471,1.0943392156862743,0.3961387896756646,0.6275549714651553,True
dqn,Silverstone,p95_inference_ms,11,0.6364272727272727,0.06077744385722537,0.6303000000000001,0.5339,0.74405,0.6005100986451852,0.6723444468093602,True
qrl,Monaco,total_reward,9,-63.67987676089698,26.219991051474473,-76.91758704279701,-86.33281596909166,-3.293179509932465,-80.81027091452697,-46.549482607266995,False
qrl,Monaco,final_position,9,1.6666666666666667,1.3228756555322951,1.0,1.0,5.0,0.8023879050522339,2.5309454282810995,True
qrl,Monaco,position_gain,9,2.6666666666666665,5.291502622129181,1.0,-1.0,16.0,-0.7904483797910653,6.123781713124398,False
qrl,Monaco,total_race_time,9,6424.440165122653,405.7538202269303,6190.617304519508,6187.286095393969,7439.39686290153,6159.347669241059,6689.532661004247,True
qrl,Monaco,mean_lap_time,9,93.35697255422801,6.931951929611887,98.21089040307888,84.03579256408216,98.2637667384049,88.82809729354824,97.88584781490778,True
qrl,Monaco,mean_lap_delta,9,13.777308952786772,4.5337435006974465,15.580530586675748,8.130495707345101,21.233902848418143,10.815263198997773,16.73935470657577,True
qrl,Monaco,pit_count,9,2.2222222222222223,0.8333333333333334,2.0,1.0,4.0,1.6777777777777778,2.7666666666666666,False
qrl,Monaco,invalid_action_rate,9,0.0,0.0,0.0,0.0,0.0,0.0,0.0,True
qrl,Monaco,mean_inference_ms,9,35.65768819945487,0.8474381594052895,35.33072857142857,34.613498412698405,37.29999047619047,35.104028601976744,36.21134779693299,True
qrl,Monaco,p95_inference_ms,9,41.740343333333335,1.8171966480337234,41.0816,39.8009,45.22267,40.5531081899513,42.92757847671537,True
qrl,Monza,total_reward,5,-24.151802407332966,40.470795887768304,-13.514887483366527,-76.34224314785826,12.657896188146722,-59.62601908509196,11.32241427042603,False
qrl,Monza,final_position,5,6.0,5.0,6.0,1.0,11.0,1.6173067641004124,10.382693235899588,True
qrl,Monza,position_gain,5,3.4,9.44986772394196,3.0,-10.0,16.0,-4.883174270773251,11.683174270773252,False
qrl,Monza,total_race_time,5,4555.2624309296025,250.0882564801218,4382.431914554442,4357.248978180772,4868.358447253192,4336.050408918933,4774.474452940272,True
qrl,Monza,mean_lap_time,5,88.27154659144325,4.358375248043734,87.14497956361544,84.27680047245968,93.62227783179216,84.45126224762056,92.09183093526595,True
qrl,Monza,mean_lap_delta,5,4.5022171228103485,3.557452723179811,1.9733625532902177,1.8895647633683303,9.11774883355506,1.3839723254278034,7.620461920192893,True
qrl,Monza,pit_count,5,2.0,1.224744871391589,2.0,1.0,4.0,0.9264637872898744,3.073536212710126,False
qrl,Monza,invalid_action_rate,5,0.0,0.0,0.0,0.0,0.0,0.0,0.0,True
qrl,Monza,mean_inference_ms,5,36.144098892307696,0.743501610091846,36.027556,35.49979038461539,37.292515384615385,35.4923909968217,36.795806787793694,True
qrl,Monza,p95_inference_ms,5,42.052018,2.243785461306402,40.865325,40.223225,45.65545999999999,40.08525332718452,44.018782672815476,True
qrl,Silverstone,total_reward,11,-42.00727494974279,41.13563608543571,-12.561307828687024,-99.49976038419364,-8.814782650882158,-66.31688240425814,-17.697667495227456,False
qrl,Silverstone,final_position,11,5.7272727272727275,6.084256882987586,1.0,1.0,15.0,2.131706679122371,9.322838775423083,True
qrl,Silverstone,position_gain,11,3.3636363636363638,8.868739789538616,3.0,-8.0,19.0,-1.8774539273256727,8.6047266545984,False
qrl,Silverstone,total_race_time,11,5041.952166211051,77.02795150562038,5035.770245494826,4878.49983691402,5146.056594822015,4996.431555803131,5087.472776618971,True
qrl,Silverstone,mean_lap_time,11,98.86180718060884,1.5103519903062768,98.74059304891816,95.65685954733374,100.90307048670616,97.96924619221826,99.7543681689994,True
qrl,Silverstone,mean_lap_delta,11,7.746679586878354,1.784113025763203,6.769441489113511,5.730524692979341,10.968713856640052,6.692336165016286,8.801023008740422,True
qrl,Silverstone,pit_count,11,1.9090909090909092,1.1361818036340359,2.0,1.0,4.0,1.2376503706258752,2.580531447555943,False
qrl,Silverstone,invalid_action_rate,11,0.0,0.0,0.0,0.0,0.0,0.0,0.0,True
qrl,Silverstone,mean_inference_ms,11,37.456113012477715,3.8741250908757947,35.7861,34.617733333333334,47.99446274509804,35.166651388661386,39.745574636294045,True
qrl,Silverstone,p95_inference_ms,11,44.35735454545454,7.51519838821486,40.96475,39.54135,64.46039999999999,39.91615610668791,48.798552984221175,True
